{
  "lock": false,
  "tasks": {
    "start": "deno run -A --watch=static/,routes/ dev.ts",
    "update": "deno run -A -r https://fresh.deno.dev/update ."
  },
  "imports": {
    "$fresh/": "https://deno.land/x/fresh@1.2.0/",
    "preact": "https://esm.sh/preact@10.15.1",
    "preact/": "https://esm.sh/preact@10.15.1/",
    "preact-render-to-string": "https://esm.sh/*preact-render-to-string@6.1.0",
    "@preact/signals": "https://esm.sh/*@preact/signals@1.1.3",
    "@preact/signals-core": "https://esm.sh/*@preact/signals-core@1.2.3",
    "twind": "https://esm.sh/twind@0.16.19",
    "twind/": "https://esm.sh/twind@0.16.19/",
    "$std/": "https://deno.land/std@0.190.0/"
  },
  "compilerOptions": {
    "jsx": "react-jsx",
    "jsxImportSource": "preact"
  }
}
